<?xml version="1.0" encoding="UTF-8"?>
<project-private xmlns="http://www.netbeans.org/ns/project-private/1">
    <editor-bookmarks xmlns="http://www.netbeans.org/ns/editor-bookmarks/2" lastBookmarkId="0"/>
    <open-files xmlns="http://www.netbeans.org/ns/projectui-open-files/2">
        <group>
            <file>file:/C:/Users/Freddy/Documents/NetBeansProjects/ProgrammingAssignment6/src/guicode/RoomSchedulerFrame.java</file>
            <file>file:/C:/Users/Freddy/Documents/NetBeansProjects/ProgrammingAssignment6/src/programmingassignment6/Faculty.java</file>
            <file>file:/C:/Users/Freddy/Documents/NetBeansProjects/ProgrammingAssignment6/src/programmingassignment6/Dates.java</file>
            <file>file:/C:/Users/Freddy/Documents/NetBeansProjects/ProgrammingAssignment6/src/programmingassignment6/ReservationQueries.java</file>
            <file>file:/C:/Users/Freddy/Documents/NetBeansProjects/ProgrammingAssignment6/src/programmingassignment6/WaitlistQueries.java</file>
            <file>file:/C:/Users/Freddy/Documents/NetBeansProjects/ProgrammingAssignment6/src/programmingassignment6/ReservationEntry.java</file>
            <file>file:/C:/Users/Freddy/Documents/NetBeansProjects/ProgrammingAssignment6/src/programmingassignment6/WaitlistEntry.java</file>
            <file>file:/C:/Users/Freddy/Documents/NetBeansProjects/ProgrammingAssignment6/src/programmingassignment6/DBConnection.java</file>
            <file>file:/C:/Users/Freddy/Documents/NetBeansProjects/ProgrammingAssignment6/src/programmingassignment6/RoomQueries.java</file>
        </group>
    </open-files>
</project-private>
